matlab_path,matlab_functions,status,implemented_symbols
Alignment/SiftAlignment.m,SiftAlignment,implemented,SiftAlignment
Alignment/SiftImageAlignment.m,SiftImageAlignment;residual,implemented,SiftImageAlignment;residual
Alignment/WardAlignment.m,WardAlignment,implemented,WardAlignment
Alignment/WardImageAlignment.m,WardImageAlignment,implemented,WardImageAlignment
Alignment/util/WardComputeThreshold.m,WardComputeThreshold,implemented,WardComputeThreshold
Alignment/util/WardGetExpShift.m,WardGetExpShift,implemented,WardGetExpShift
Alignment/util/WardSimpleRot.m,WardSimpleRot,implemented,WardSimpleRot
Alignment/util/WardSimpleRotAux.m,WardSimpleRotAux,implemented,WardSimpleRotAux
Analysis/AkyuzAbsoluteCalibration.m,AkyuzAbsoluteCalibration,implemented,AkyuzAbsoluteCalibration
Analysis/AkyuzLightSourcesDetection.m,AkyuzLightSourcesDetection,implemented,AkyuzLightSourcesDetection
Analysis/HistogramHDR.m,HistogramHDR,implemented,HistogramHDR
Analysis/MaxQuart.m,MaxQuart,implemented,MaxQuart
Analysis/computeWhiteBalanceGrayWorld.m,computeWhiteBalanceGrayWorld,implemented,computeWhiteBalanceGrayWorld
Analysis/getFstops.m,getFstops,implemented,getFstops
Analysis/getOverUnderExposedParts.m,getOverUnderExposedParts,implemented,getOverUnderExposedParts
Analysis/imDynamicRange.m,imDynamicRange,implemented,imDynamicRange
Analysis/imKey.m,imKey,implemented,imKey
Analysis/imNumPixels.m,imNumPixels,implemented,imNumPixels
BatchFunctions/ConvHDRtoHDR.m,ConvHDRtoHDR,implemented,ConvHDRtoHDR
BatchFunctions/ConvHDRtoLDR.m,ConvHDRtoLDR,implemented,ConvHDRtoLDR
BatchFunctions/ConvHDRtoStack.m,ConvHDRtoStack,implemented,ConvHDRtoStack
BatchFunctions/ConvHDRvtoLDRv.m,ConvHDRvtoLDRv,implemented,ConvHDRvtoLDRv
BatchFunctions/ConvLDRtoLDR.m,ConvLDRtoLDR,implemented,ConvLDRtoLDR
BatchFunctions/ConvLDRvtoLDRi.m,ConvLDRvtoLDRi,implemented,ConvLDRvtoLDRi
BatchFunctions/buildHDRFromPathManyFolders.m,buildHDRFromPathManyFolders,implemented,buildHDRFromPathManyFolders
ColorCorrection/ColorCorrection.m,ColorCorrection,implemented,ColorCorrection
ColorCorrection/ColorCorrectionLinear.m,ColorCorrectionLinear,implemented,ColorCorrectionLinear
ColorCorrection/ColorCorrectionPouli.m,ColorCorrectionPouli,implemented,ColorCorrectionPouli
ColorCorrection/ColorCorrectionSigmoid.m,ColorCorrectionSigmoid,implemented,ColorCorrectionSigmoid
ColorSpace/CIELabFunction.m,CIELabFunction,implemented,CIELabFunction
ColorSpace/ConvertIPTtoICh.m,ConvertIPTtoICh,implemented,ConvertIPTtoICh
ColorSpace/ConvertLMStoIPT.m,ConvertLMStoIPT,implemented,ConvertLMStoIPT
ColorSpace/ConvertLMStoLAlphaBeta.m,ConvertLMStoLAlphaBeta,implemented,ConvertLMStoLAlphaBeta
ColorSpace/ConvertLinearSpace.m,ConvertLinearSpace,implemented,ConvertLinearSpace
ColorSpace/ConvertRGB2020.m,ConvertRGB2020,implemented,ConvertRGB2020
ColorSpace/ConvertRGBtoICh.m,ConvertRGBtoICh,implemented,ConvertRGBtoICh
ColorSpace/ConvertRGBtoXYZ.m,ConvertRGBtoXYZ,implemented,ConvertRGBtoXYZ
ColorSpace/ConvertRGBtoYUV.m,ConvertRGBtoYUV,implemented,ConvertRGBtoYUV
ColorSpace/ConvertRGBtosRGB.m,ConvertRGBtosRGB,implemented,ConvertRGBtosRGB
ColorSpace/ConvertXYZtoCIELCh.m,ConvertXYZtoCIELCh,implemented,ConvertXYZtoCIELCh
ColorSpace/ConvertXYZtoCIELab.m,ConvertXYZtoCIELab,implemented,ConvertXYZtoCIELab
ColorSpace/ConvertXYZtoIPT.m,ConvertXYZtoIPT,implemented,ConvertXYZtoIPT
ColorSpace/ConvertXYZtoLMS.m,ConvertXYZtoLMS,implemented,ConvertXYZtoLMS
ColorSpace/ConvertXYZtoLUV.m,ConvertXYZtoLUV,implemented,ConvertXYZtoLUV
ColorSpace/ConvertXYZtoYxy.m,ConvertXYZtoYxy,implemented,ConvertXYZtoYxy
ColorSpace/CreateMatrixFromPrimaries.m,CreateMatrixFromPrimaries,implemented,CreateMatrixFromPrimaries
ColorSpace/CreateMatrixFromPrimaries_xy.m,CreateMatrixFromPrimaries_xy,implemented,CreateMatrixFromPrimaries_xy
ColorSpace/IPTColorfullness.m,IPTColorfullness,implemented,IPTColorfullness
ColorSpace/SaturationPouli.m,SaturationPouli,implemented,SaturationPouli
ColorSpace/lum.m,lum,implemented,lum
ColorSpace/lumHK.m,lumHK,implemented,lumHK
ColorSpace/lumScotopic.m,lumScotopic,implemented,lumScotopic
ColorSpace/luma.m,luma,implemented,luma
Compression/BoschettiDec.m,BoschettiDec,implemented,BoschettiDec
Compression/BoschettiEnc.m,BoschettiEnc,implemented,BoschettiEnc
Compression/HDRJPEG2000Dec.m,HDRJPEG2000Dec,implemented,HDRJPEG2000Dec
Compression/HDRJPEG2000Enc.m,HDRJPEG2000Enc,implemented,HDRJPEG2000Enc
Deghosting/PeceKautzMerge.m,PeceKautzMerge,implemented,PeceKautzMerge
Deghosting/util/GalloReferenceImage.m,GalloReferenceImage,implemented,GalloReferenceImage
Deghosting/util/PeceKautzMoveMask.m,PeceKautzMoveMask,implemented,PeceKautzMoveMask
EO/AkyuzEO.m,AkyuzEO,implemented,AkyuzEO
EO/HuoEO.m,HuoEO,implemented,HuoEO
EO/HuoPhysEO.m,HuoPhysEO,implemented,HuoPhysEO
EO/KovaleskiOliveiraEO.m,KovaleskiOliveiraEO,implemented,KovaleskiOliveiraEO
EO/KuoEO.m,KuoEO,implemented,KuoEO
EO/LandisEO.m,LandisEO,implemented,LandisEO
EO/MasiaEO.m,MasiaEO,implemented,MasiaEO
EO/util/KuoExpandMap.m,KuoExpandMap,implemented,KuoExpandMap
EnvironmentMaps/AlignLLPanoramas.m,AlignLLPanoramas,implemented,AlignLLPanoramas
EnvironmentMaps/Angular2Direction.m,Angular2Direction,implemented,Angular2Direction
EnvironmentMaps/AngularMask.m,AngularMask,implemented,AngularMask
EnvironmentMaps/ChangeMapping.m,ChangeMapping,implemented,ChangeMapping
EnvironmentMaps/CrossCutter.m,CrossCutter,implemented,CrossCutter
EnvironmentMaps/CrossMask.m,CrossMask,implemented,CrossMask
EnvironmentMaps/CubeMap2Direction.m,CubeMap2Direction,implemented,CubeMap2Direction
EnvironmentMaps/Direction2Angular.m,Direction2Angular,implemented,Direction2Angular
EnvironmentMaps/Direction2CubeMap.m,Direction2CubeMap,implemented,Direction2CubeMap
EnvironmentMaps/Direction2LL.m,Direction2LL,implemented,Direction2LL
EnvironmentMaps/Direction2Spherical.m,Direction2Spherical,implemented,Direction2Spherical
EnvironmentMaps/LL2Direction.m,LL2Direction,implemented,LL2Direction
EnvironmentMaps/LLDescriptor.m,LLDescriptor,implemented,LLDescriptor
EnvironmentMaps/RotateYLL.m,RotateYLL,implemented,RotateYLL
Formats/LogLuv2float.m,LogLuv2float,implemented,LogLuv2float
Formats/RGBE2float.m,RGBE2float,implemented,RGBE2float
Formats/float2LogLuv.m,float2LogLuv,implemented,float2LogLuv
Formats/float2RGBE.m,float2RGBE,implemented,float2RGBE
Generation/BuildHDR.m,BuildHDR,implemented,BuildHDR
Generation/ComputeGlareImage.m,ComputeGlareImage,implemented,ComputeGlareImage
Generation/DebevecCRF.m,DebevecCRF,implemented,DebevecCRF
Generation/EstimatePSF.m,EstimatePSF,implemented,EstimatePSF
Generation/MannPicardCRF.m,MannPicardCRF,implemented,MannPicardCRF
Generation/MitsunagaNayarCRF.m,MitsunagaNayarCRF,implemented,MitsunagaNayarCRF
Generation/RAWCRF.m,RAWCRF;RAWCRFn,implemented,RAWCRF;RAWCRFn
Generation/RemoveGlare.m,RemoveGlare,implemented,RemoveGlare
Generation/RobertsonCRF.m,RobertsonCRF;Normalization;Update_X;Update_lin_fun,implemented,RobertsonCRF;Normalization;Update_X;Update_lin_fun
Generation/gsolve.m,gsolve,implemented,gsolve
Generation/util/AkyuzLDRStackDenoise.m,AkyuzLDRStackDenoise,implemented,AkyuzLDRStackDenoise
Generation/util/AkyuzTau.m,AkyuzTau,implemented,AkyuzTau
Generation/util/ApplyCRF.m,ApplyCRF,implemented,ApplyCRF
Generation/util/CalibrateHDR.m,CalibrateHDR,implemented,CalibrateHDR
Generation/util/ComputeLDRStackHistogram.m,ComputeLDRStackHistogram,implemented,ComputeLDRStackHistogram
Generation/util/EstimateAverageLuminance.m,EstimateAverageLuminance,implemented,EstimateAverageLuminance
Generation/util/FindChromaticyScale.m,FindChromaticyScale,implemented,FindChromaticyScale
Generation/util/GrossbergSampling.m,GrossbergSampling,implemented,GrossbergSampling
Generation/util/MitsunagaNayarCRFClassic.m,MitsunagaNayarCRFClassic;MN_d,implemented,MitsunagaNayarCRFClassic;MN_d
Generation/util/MitsunagaNayarCRFFull.m,MitsunagaNayarCRFFull;MN_d,implemented,MitsunagaNayarCRFFull;MN_d
Generation/util/RemoveCRF.m,RemoveCRF,implemented,RemoveCRF
Generation/util/SimulateSpatialExposure.m,SimulateSpatialExposure,implemented,SimulateSpatialExposure
Generation/util/SpatialSampling.m,SpatialSampling,implemented,SpatialSampling
Generation/util/WeightFunction.m,WeightFunction,implemented,WeightFunction
Generation/util/reExpose.m,reExpose,implemented,reExpose
Generation/util/tabledFunction.m,tabledFunction,implemented,tabledFunction
Generation_video/BanterleEnhanceLDRVideo.m,BanterleEnhanceLDRVideo,implemented,BanterleEnhanceLDRVideo
Generation_video/CreateHDRvFromImage.m,CreateHDRvFromImage,implemented,CreateHDRvFromImage
Generation_video/util/BanterleEnhanceLDRFrame.m,BanterleEnhanceLDRFrame,implemented,BanterleEnhanceLDRFrame
Generation_video/util/findHDRLDRCRF.m,findHDRLDRCRF,implemented,findHDRLDRCRF
Generation_video/util/findHDRLDRScale.m,findHDRLDRScale,implemented,findHDRLDRScale
IBL/DiffuseConvolutionSH.m,DiffuseConvolutionSH,implemented,DiffuseConvolutionSH
IBL/EvaluationSH.m,EvaluationSH,implemented,EvaluationSH
IBL/ExportLights.m,ExportLights,implemented,ExportLights
IBL/ImportanceSampling.m,ImportanceSampling,implemented,ImportanceSampling
IBL/MedianCut.m,MedianCut,implemented,MedianCut
IBL/UniformSampling.m,UniformSampling,implemented,UniformSampling
IBL/VarianceMinimizationSampling.m,VarianceMinimizationSampling,implemented,VarianceMinimizationSampling
IBL/util/Create1DDistribution.m,Create1DDistribution,implemented,Create1DDistribution
IBL/util/CreateLight.m,CreateLight,implemented,CreateLight
IBL/util/FallOff.m,FallOff,implemented,FallOff
IBL/util/FallOffEnvMap.m,FallOffEnvMap,implemented,FallOffEnvMap
IBL/util/GenerateLightMap.m,GenerateLightMap,implemented,GenerateLightMap
IBL/util/MedianCutAux.m,MedianCutAux,implemented,MedianCutAux
IBL/util/PolarVec3.m,PolarVec3,implemented,PolarVec3
IBL/util/Sampling1DDistribution.m,Sampling1DDistribution,implemented,Sampling1DDistribution
IBL/util/VarianceMinimizationSamplingAux.m,VarianceMinimizationSamplingAux,implemented,VarianceMinimizationSamplingAux
IBL/util/VarianceRegion.m,VarianceRegion,implemented,VarianceRegion
IO/getRAWSaturationLevel.m,getRAWSaturationLevel,implemented,getRAWSaturationLevel
IO/hdrimread.m,hdrimread,implemented,hdrimread
IO/hdrimwrite.m,hdrimwrite,implemented,hdrimwrite
IO/ldrimread.m,ldrimread,implemented,ldrimread
IO/read_crfs.m,read_crfs,implemented,read_crfs
IO/read_pfm.m,read_pfm,implemented,read_pfm
IO/read_raw.m,read_raw,implemented,read_raw
IO/read_raw_info.m,read_raw_info,implemented,read_raw_info
IO/read_rgbe.m,read_rgbe;rr_contains,implemented,read_rgbe;rr_contains
IO/write_pfm.m,write_pfm,implemented,write_pfm
IO/write_rgbe.m,write_rgbe,implemented,write_rgbe
IO/write_rgbe_line.m,write_rgbe_line,implemented,write_rgbe_line
IO_stack/CreateLDRStackFromHDR.m,CreateLDRStackFromHDR,implemented,CreateLDRStackFromHDR
IO_stack/LDRStackSubSampling.m,LDRStackSubSampling,implemented,LDRStackSubSampling
IO_stack/ReadLDRStack.m,ReadLDRStack,implemented,ReadLDRStack
IO_stack/ReadLDRStackHistogram.m,ReadLDRStackHistogram,implemented,ReadLDRStackHistogram
IO_stack/ReadLDRStackInfo.m,ReadLDRStackInfo,implemented,ReadLDRStackInfo
IO_stack/ReadRAWStack.m,ReadRAWStack,implemented,ReadRAWStack
IO_stack/ReadRAWStackInfo.m,ReadRAWStackInfo,implemented,ReadRAWStackInfo
IO_stack/SortStack.m,SortStack,implemented,SortStack
IO_stack/WriteLDRStack.m,WriteLDRStack,implemented,WriteLDRStack
IO_stack/checkMonotonicity.m,checkMonotonicity,implemented,checkMonotonicity
IO_video/checkVideoResolution.m,checkVideoResolution,implemented,checkVideoResolution
IO_video/getAnOpenVideoWriter.m,getAnOpenVideoWriter,implemented,getAnOpenVideoWriter
IO_video/hdrvAnalysis.m,hdrvAnalysis,implemented,hdrvAnalysis
IO_video/hdrvGetFrame.m,hdrvGetFrame,implemented,hdrvGetFrame
IO_video/hdrvclose.m,hdrvclose,implemented,hdrvclose
IO_video/hdrvopen.m,hdrvopen,implemented,hdrvopen
IO_video/hdrvread.m,hdrvread,implemented,hdrvread
IO_video/ldrvAnalysis.m,ldrvAnalysis,implemented,ldrvAnalysis
IO_video/ldrvGetFrame.m,ldrvGetFrame,implemented,ldrvGetFrame
IO_video/ldrvclose.m,ldrvclose,implemented,ldrvclose
IO_video/ldrvopen.m,ldrvopen,implemented,ldrvopen
IO_video/ldrvread.m,ldrvread,implemented,ldrvread
LaplacianPyramids/pyrAdd.m,pyrAdd,implemented,pyrAdd
LaplacianPyramids/pyrBlend.m,pyrBlend,implemented,pyrBlend
LaplacianPyramids/pyrBlendHDR.m,pyrBlendHDR,implemented,pyrBlendHDR
LaplacianPyramids/pyrEmptyGen.m,pyrEmptyGen,implemented,pyrEmptyGen
LaplacianPyramids/pyrGaussGen.m,pyrGaussGen,implemented,pyrGaussGen
LaplacianPyramids/pyrGaussGenAux.m,pyrGaussGenAux,implemented,pyrGaussGenAux
LaplacianPyramids/pyrGaussianBlur.m,pyrGaussianBlur,implemented,pyrGaussianBlur
LaplacianPyramids/pyrImg3.m,pyrImg3,implemented,pyrImg3
LaplacianPyramids/pyrLapGen.m,pyrLapGen,implemented,pyrLapGen
LaplacianPyramids/pyrLapGenAux.m,pyrLapGenAux,implemented,pyrLapGenAux
LaplacianPyramids/pyrLst1OP.m,pyrLst1OP,implemented,pyrLst1OP
LaplacianPyramids/pyrLst2OP.m,pyrLst2OP,implemented,pyrLst2OP
LaplacianPyramids/pyrLstS2OP.m,pyrLstS2OP,implemented,pyrLstS2OP
LaplacianPyramids/pyrMul.m,pyrMul,implemented,pyrMul
LaplacianPyramids/pyrVal.m,pyrVal,implemented,pyrVal
Metrics/MSE.m,MSE,implemented,MSE
Metrics/MaximumError.m,MaximumError,implemented,MaximumError
Metrics/MeanAbsoluteError.m,MeanAbsoluteError,implemented,MeanAbsoluteError
Metrics/PSNR.m,PSNR,implemented,PSNR
Metrics/RMSE.m,RMSE,implemented,RMSE
Metrics/RelativeError.m,RelativeError,implemented,RelativeError
Metrics/TMQI.m,TMQI,implemented,TMQI
Metrics/checkDomains.m,checkDomains,implemented,checkDomains
Metrics/distCIELAB.m,distCIELAB,implemented,distCIELAB
Metrics/distHue.m,distHue,implemented,distHue
Metrics/getDisplayReferred.m,getDisplayReferred,implemented,getDisplayReferred
Metrics/mPSNR.m,mPSNR;quant8,implemented,mPSNR;quant8
Metrics/util/TMQI_LocalStructuralFidelity.m,TMQI_LocalStructuralFidelity,implemented,TMQI_LocalStructuralFidelity
Metrics/util/TMQI_StatisticalNaturalness.m,TMQI_StatisticalNaturalness,implemented,TMQI_StatisticalNaturalness
Metrics/util/TMQI_StructuralFidelity.m,TMQI_StructuralFidelity,implemented,TMQI_StructuralFidelity
Metrics/util/TMQI_beta_function.m,TMQI_beta_function,implemented,TMQI_beta_function
Metrics/util/TMQI_betapdf.m,TMQI_betapdf,implemented,TMQI_betapdf
Metrics/util/TMQI_normpdf.m,TMQI_normpdf,implemented,TMQI_normpdf
Metrics/util/changeComparisonDomain.m,changeComparisonDomain,implemented,changeComparisonDomain
Metrics/util/pu2_encode.m,pu2_encode;hdrvdp_joint_rod_cone_sens;build_jndspace_from_S,implemented,pu2_encode;hdrvdp_joint_rod_cone_sens;build_jndspace_from_S
NativeVisualization/HDRMonitorDriver.m,HDRMonitorDriver,implemented,HDRMonitorDriver
Tmo/AshikhminTMO.m,AshikhminTMO,implemented,AshikhminTMO
Tmo/BanterleTMO.m,BanterleTMO,implemented,BanterleTMO
Tmo/BestExposureTMO.m,BestExposureTMO,implemented,BestExposureTMO
Tmo/BruceExpoBlendTMO.m,BruceExpoBlendTMO,implemented,BruceExpoBlendTMO
Tmo/ChiuTMO.m,ChiuTMO,implemented,ChiuTMO
Tmo/DragoTMO.m,DragoTMO,implemented,DragoTMO
Tmo/DurandTMO.m,DurandTMO,implemented,DurandTMO
Tmo/ExponentialTMO.m,ExponentialTMO,implemented,ExponentialTMO
Tmo/FerwerdaTMO.m,FerwerdaTMO,implemented,FerwerdaTMO
Tmo/GammaTMO.m,GammaTMO,implemented,GammaTMO
Tmo/KimKautzConsistentTMO.m,KimKautzConsistentTMO,implemented,KimKautzConsistentTMO
Tmo/KrawczykTMO.m,KrawczykTMO,implemented,KrawczykTMO
Tmo/KuangTMO.m,KuangTMO,implemented,KuangTMO
Tmo/LischinskiTMO.m,LischinskiTMO,implemented,LischinskiTMO
Tmo/LogarithmicTMO.m,LogarithmicTMO,implemented,LogarithmicTMO
Tmo/MertensTMO.m,MertensTMO,implemented,MertensTMO
Tmo/NormalizeTMO.m,NormalizeTMO,implemented,NormalizeTMO
Tmo/PattanaikTMO.m,PattanaikTMO,implemented,PattanaikTMO
Tmo/RamanTMO.m,RamanTMO,implemented,RamanTMO
Tmo/ReinhardDevlinTMO.m,ReinhardDevlinTMO,implemented,ReinhardDevlinTMO
Tmo/ReinhardRobustTMO.m,ReinhardRobustTMO,implemented,ReinhardRobustTMO
Tmo/ReinhardTMO.m,ReinhardTMO,implemented,ReinhardTMO
Tmo/SchlickTMO.m,SchlickTMO,implemented,SchlickTMO
Tmo/SelectOverexposedTMO.m,SelectOverexposedTMO;residual,implemented,SelectOverexposedTMO;residual
Tmo/TumblinTMO.m,TumblinTMO,implemented,TumblinTMO
Tmo/VanHaterenTMO.m,VanHaterenTMO,implemented,VanHaterenTMO
Tmo/WardGlobalTMO.m,WardGlobalTMO,implemented,WardGlobalTMO
Tmo/WardHistAdjTMO.m,WardHistAdjTMO,implemented,WardHistAdjTMO
Tmo/YPFerwerdaTMO.m,YPFerwerdaTMO,implemented,YPFerwerdaTMO
Tmo/YPTumblinTMO.m,YPTumblinTMO,implemented,YPTumblinTMO
Tmo/YPWardGlobalTMO.m,YPWardGlobalTMO,implemented,YPWardGlobalTMO
Tmo/util/AshikhminFiltering.m,AshikhminFiltering,implemented,AshikhminFiltering
Tmo/util/BleachingParameters.m,BleachingParameters,implemented,BleachingParameters
Tmo/util/CIECAM02_ChromaticAdaptation.m,CIECAM02_ChromaticAdaptation,implemented,CIECAM02_ChromaticAdaptation
Tmo/util/CIECAM02_DegreeAdaptation.m,CIECAM02_DegreeAdaptation,implemented,CIECAM02_DegreeAdaptation
Tmo/util/CIECAM02_F_L.m,CIECAM02_F_L,implemented,CIECAM02_F_L
Tmo/util/ChangeLuminance.m,ChangeLuminance,implemented,ChangeLuminance
Tmo/util/ChiuGlare.m,ChiuGlare,implemented,ChiuGlare
Tmo/util/CreateSegments.m,CreateSegments;computeFusionMask,implemented,CreateSegments;computeFusionMask
Tmo/util/CreateSegmentsApprox.m,CreateSegmentsApprox,implemented,CreateSegmentsApprox
Tmo/util/ExposureHistogramSampling.m,ExposureHistogramSampling,implemented,ExposureHistogramSampling
Tmo/util/FattalPhi.m,FattalPhi,implemented,FattalPhi
Tmo/util/Ferwerda_k.m,Ferwerda_k,implemented,Ferwerda_k
Tmo/util/GammaDrago.m,GammaDrago,implemented,GammaDrago
Tmo/util/GenerateMasks.m,GenerateMasks,implemented,GenerateMasks
Tmo/util/KrawczykImagePartition.m,KrawczykImagePartition,implemented,KrawczykImagePartition
Tmo/util/KrawczykKMeans.m,KrawczykKMeans,implemented,KrawczykKMeans
Tmo/util/KrawczykMaxDistance.m,KrawczykMaxDistance,implemented,KrawczykMaxDistance
Tmo/util/KrawczykPNorm.m,KrawczykPNorm,implemented,KrawczykPNorm
Tmo/util/KuangGamma.m,KuangGamma,implemented,KuangGamma
Tmo/util/KuangNormalizedGamma.m,KuangNormalizedGamma,implemented,KuangNormalizedGamma
Tmo/util/LischinskiMinimization.m,LischinskiMinimization,implemented,LischinskiMinimization
Tmo/util/MertensContrast.m,MertensContrast,implemented,MertensContrast
Tmo/util/MertensSaturation.m,MertensSaturation,implemented,MertensSaturation
Tmo/util/MertensWellExposedness.m,MertensWellExposedness,implemented,MertensWellExposedness
Tmo/util/PoissonSolver.m,PoissonSolver,implemented,PoissonSolver
Tmo/util/ReinhardAlpha.m,ReinhardAlpha,implemented,ReinhardAlpha
Tmo/util/ReinhardBilateralFiltering.m,ReinhardBilateralFiltering,implemented,ReinhardBilateralFiltering
Tmo/util/ReinhardFiltering.m,ReinhardFiltering,implemented,ReinhardFiltering
Tmo/util/ReinhardGaussianFilter.m,ReinhardGaussianFilter,implemented,ReinhardGaussianFilter
Tmo/util/ReinhardWhitePoint.m,ReinhardWhitePoint,implemented,ReinhardWhitePoint
Tmo/util/SaturationParameters.m,SaturationParameters,implemented,SaturationParameters
Tmo/util/SigmoidColorResponse.m,SigmoidColorResponse,implemented,SigmoidColorResponse
Tmo/util/SigmoidResponse.m,SigmoidResponse,implemented,SigmoidResponse
Tmo/util/StevensCSF.m,StevensCSF,implemented,StevensCSF
Tmo/util/StevensonDetailEnhancement.m,StevensonDetailEnhancement,implemented,StevensonDetailEnhancement
Tmo/util/TVI_Ashikhmin.m,TVI_Ashikhmin,implemented,TVI_Ashikhmin
Tmo/util/TpFerwerda.m,TpFerwerda,implemented,TpFerwerda
Tmo/util/TsFerwerda.m,TsFerwerda,implemented,TsFerwerda
Tmo/util/WalravenValeton_k.m,WalravenValeton_k,implemented,WalravenValeton_k
Tmo/util/WardDownsampling.m,WardDownsampling,implemented,WardDownsampling
Tmo/util/YeePattanaikLuminanceAdaptation.m,YeePattanaikLuminanceAdaptation,implemented,YeePattanaikLuminanceAdaptation
Tmo/util/histogram_ceiling.m,histogram_ceiling,implemented,histogram_ceiling
Tmo/util/logMean.m,logMean,implemented,logMean
Tmo_video/FalseColorTMOv.m,FalseColorTMOv,implemented,FalseColorTMOv
Tmo_video/GammaExposureTMOv.m,GammaExposureTMOv,implemented,GammaExposureTMOv
Tmo_video/KiserTMOv.m,KiserTMOv;SceneKey,implemented,KiserTMOv;SceneKey
Tmo_video/RamseyTMOv.m,RamseyTMOv,implemented,RamseyTMOv
Tmo_video/ReinhardTMOv.m,ReinhardTMOv,implemented,ReinhardTMOv
Tmo_video/StaticTMOv.m,StaticTMOv,implemented,StaticTMOv
Tools/AExposureGUI.m,AExposureGUI,implemented,AExposureGUI
Tools/FalseColor.m,FalseColor,implemented,FalseColor
Tools/RotateLLGUI.m,RotateLLGUI;getThetaPhi;getMatrixForVectorRotation;RotateMap,implemented,RotateLLGUI;getThetaPhi;getMatrixForVectorRotation;RotateMap
Tools/buildHDRFromPath.m,buildHDRFromPath,implemented,buildHDRFromPath
Tools/computeCRFFromPath.m,computeCRFFromPath,implemented,computeCRFFromPath
Tools/hdrimCrop.m,hdrimCrop,implemented,hdrimCrop
Tools/imColorCalibration.m,imColorCalibration,implemented,imColorCalibration
Tools/imWhiteBalance.m,imWhiteBalance,implemented,imWhiteBalance
Tools/plotChannels.m,plotChannels,implemented,plotChannels
Tools/plotColors.m,plotColors,implemented,plotColors
Tools/plotGamut.m,plotGamut,implemented,plotGamut
Tools/plotLineColRow.m,plotLineColRow,implemented,plotLineColRow
Tools/plotsRGB.m,plotGamut,implemented,plotGamut
Tools/showHueDiff.m,showHueDiff,implemented,showHueDiff
util/ClampImg.m,ClampImg,implemented,ClampImg
util/RemoveExt.m,RemoveExt,implemented,RemoveExt
util/RemoveSpecials.m,RemoveSpecials,implemented,RemoveSpecials
util/bilateralFilter.m,bilateralFilter,implemented,bilateralFilter
util/bilateralFilterFull.m,bilateralFilterFull,implemented,bilateralFilterFull
util/bilateralFilterS.m,bilateralFilterS,implemented,bilateralFilterS
util/bilateralFilterSI.m,bilateralFilterSI,implemented,bilateralFilterSI
util/bilateralNoiseRemoval.m,bilateralNoiseRemoval,implemented,bilateralNoiseRemoval
util/bilateralSeparation.m,bilateralSeparation,implemented,bilateralSeparation
util/bitblit.m,bitblit,implemented,bitblit
util/blendPoisson.m,blendPoisson,implemented,blendPoisson
util/check13Color.m,check13Color,implemented,check13Color
util/check3Color.m,check3Color,implemented,check3Color
util/checkIn01.m,checkIn01,implemented,checkIn01
util/checkNegative.m,checkNegative,implemented,checkNegative
util/computeConnectedComponents.m,computeConnectedComponents,implemented,computeConnectedComponents
util/computeDivergence.m,computeDivergence,implemented,computeDivergence
util/computeGradients.m,computeGradients,implemented,computeGradients
util/estimateHomography.m,estimateHomography;normalizeCoordinates,implemented,estimateHomography;normalizeCoordinates
util/fileExtension.m,fileExtension,implemented,fileExtension
util/filterBox.m,filterBox,implemented,filterBox
util/filterFirefly.m,filterFirefly,implemented,filterFirefly
util/filterGaussian.m,filterGaussian,implemented,filterGaussian
util/filterGaussianWindow.m,filterGaussianWindow,implemented,filterGaussianWindow
util/findNameInList.m,findNameInList,implemented,findNameInList
util/findNeighbors.m,findNeighbors,implemented,findNeighbors
util/getExt.m,getExt,implemented,getExt
util/imFlip.m,imFlip,implemented,imFlip
util/imOneToMany.m,imOneToMany,implemented,imOneToMany
util/imSameHeight.m,imSameHeight,implemented,imSameHeight
util/imShift.m,imShift,implemented,imShift
util/imShiftWrap.m,imShiftWrap,implemented,imShiftWrap
util/imWarp.m,imWarp,implemented,imWarp
util/isOctave.m,isOctave,implemented,isOctave
util/isSameImage.m,isSameImage,implemented,isSameImage
util/isSimilarImage.m,isSimilarImage,implemented,isSimilarImage
util/normalizeFromAnything.m,normalizeFromAnything,implemented,normalizeFromAnything
util/normalizeImg.m,normalizeImg,implemented,normalizeImg
